[{"id":"","value":"Country"},{"id":23,"value":"Afghanistan"},{"id":24,"value":"Albania"},{"id":1,"value":"Algeria"},{"id":98,"value":"American Samoa"},{"id":99,"value":"Andorra"},{"id":100,"value":"Angola"},{"id":101,"value":"Anguilla"},{"id":103,"value":"Antigua and Barbuda"},{"id":25,"value":"Argentina"},{"id":97,"value":"Armenia"},{"id":105,"value":"Aruba"},{"id":26,"value":"Australia"},{"id":27,"value":"Austria"},{"id":85,"value":"Azerbaijan"},{"id":106,"value":"Bahamas"},{"id":2,"value":"Bahrain"},{"id":86,"value":"Bangladesh"},{"id":107,"value":"Barbados"},{"id":198,"value":"Belarus"},{"id":28,"value":"Belgium"},{"id":108,"value":"Belize"},{"id":109,"value":"Benin"},{"id":110,"value":"Bermuda"},{"id":111,"value":"Bhutan"},{"id":112,"value":"Bolivia"},{"id":113,"value":"Bosnia and Herzegovina"},{"id":114,"value":"Botswana"},{"id":29,"value":"Brazil"},{"id":205,"value":"British Virgin Islands"},{"id":115,"value":"Brunei"},{"id":30,"value":"Bulgaria"},{"id":116,"value":"Burkina Faso"},{"id":118,"value":"Burundi"},{"id":147,"value":"Cambodia"},{"id":87,"value":"Cameroon"},{"id":31,"value":"Canada"},{"id":206,"value":"Cape Verde"},{"id":119,"value":"Cayman Islands"},{"id":199,"value":"Central African Republic"},{"id":193,"value":"Chad"},{"id":32,"value":"Chile"},{"id":33,"value":"China"},{"id":34,"value":"Colombia"},{"id":3,"value":"Comoros"},{"id":222,"value":"Congo, DPR"},{"id":88,"value":"Congo, PR"},{"id":120,"value":"Cook Islands"},{"id":35,"value":"Costa Rica"},{"id":122,"value":"C\u00f4te d'Ivoire"},{"id":36,"value":"Croatia"},{"id":204,"value":"Cuba"},{"id":89,"value":"Cyprus"},{"id":37,"value":"Czech Republic"},{"id":38,"value":"Denmark"},{"id":4,"value":"Djibouti"},{"id":123,"value":"Dominica"},{"id":124,"value":"Dominican Republic"},{"id":207,"value":"East Timor"},{"id":39,"value":"Ecuador"},{"id":5,"value":"Egypt"},{"id":40,"value":"El Salvador"},{"id":104,"value":"Equatorial Guinea"},{"id":90,"value":"Eritrea"},{"id":125,"value":"Estonia"},{"id":91,"value":"Ethiopia"},{"id":126,"value":"Falkland Islands"},{"id":227,"value":"Faroe Islands"},{"id":208,"value":"Fiji"},{"id":41,"value":"Finland"},{"id":45,"value":"France"},{"id":127,"value":"French Guiana"},{"id":129,"value":"French Polynesia"},{"id":130,"value":"Gabon"},{"id":131,"value":"Gambia"},{"id":132,"value":"Georgia"},{"id":46,"value":"Germany"},{"id":202,"value":"Ghana"},{"id":133,"value":"Gibraltar"},{"id":47,"value":"Greece"},{"id":135,"value":"Greenland"},{"id":134,"value":"Grenada"},{"id":136,"value":"Guadeloupe"},{"id":137,"value":"Guam"},{"id":138,"value":"Guatemala"},{"id":139,"value":"Guinea"},{"id":140,"value":"Guinea-Bissau"},{"id":141,"value":"Guyana"},{"id":142,"value":"Haiti"},{"id":144,"value":"Honduras"},{"id":48,"value":"Hong Kong"},{"id":49,"value":"Hungary"},{"id":145,"value":"Iceland"},{"id":50,"value":"India"},{"id":51,"value":"Indonesia"},{"id":92,"value":"Iran"},{"id":6,"value":"Iraq"},{"id":52,"value":"Ireland"},{"id":53,"value":"Israel"},{"id":54,"value":"Italy"},{"id":146,"value":"Jamaica"},{"id":55,"value":"Japan"},{"id":7,"value":"Jordan"},{"id":148,"value":"Kazakhstan"},{"id":149,"value":"Kenya"},{"id":229,"value":"Kiribati"},{"id":241,"value":"Kosovo"},{"id":8,"value":"Kuwait"},{"id":150,"value":"Kyrgistan"},{"id":151,"value":"Laos"},{"id":152,"value":"Latvia"},{"id":9,"value":"Lebanon"},{"id":153,"value":"Lesotho"},{"id":155,"value":"Liberia"},{"id":10,"value":"Libya"},{"id":156,"value":"Liechtenstein"},{"id":154,"value":"Lithuania"},{"id":157,"value":"Luxembourg"},{"id":158,"value":"Macau"},{"id":160,"value":"Macedonia"},{"id":159,"value":"Madagascar"},{"id":161,"value":"Malawi"},{"id":57,"value":"Malaysia"},{"id":162,"value":"Maldives"},{"id":163,"value":"Mali"},{"id":164,"value":"Malta"},{"id":165,"value":"Marshall Islands"},{"id":209,"value":"Martinique"},{"id":238,"value":"Mauritania"},{"id":11,"value":"Mauritius"},{"id":58,"value":"Mexico"},{"id":211,"value":"Micronesia"},{"id":166,"value":"Moldova"},{"id":167,"value":"Monaco"},{"id":168,"value":"Mongolia"},{"id":223,"value":"Montenegro"},{"id":226,"value":"Montserrat"},{"id":12,"value":"Morocco"},{"id":169,"value":"Mozambique"},{"id":117,"value":"Myanmar"},{"id":170,"value":"Namibia"},{"id":228,"value":"Nauru"},{"id":171,"value":"Nepal"},{"id":59,"value":"Netherlands"},{"id":173,"value":"Netherlands Antilles"},{"id":239,"value":"New Caledonia"},{"id":60,"value":"New Zealand"},{"id":172,"value":"Nicaragua"},{"id":174,"value":"Niger"},{"id":93,"value":"Nigeria"},{"id":78,"value":"North Korea"},{"id":212,"value":"Northern Mariana Islands"},{"id":61,"value":"Norway"},{"id":13,"value":"Oman"},{"id":62,"value":"Pakistan"},{"id":213,"value":"Palau"},{"id":14,"value":"Palestine"},{"id":175,"value":"Panama"},{"id":176,"value":"Papua New Guinea"},{"id":177,"value":"Paraguay"},{"id":63,"value":"Peru"},{"id":64,"value":"Philippines"},{"id":65,"value":"Poland"},{"id":66,"value":"Portugal"},{"id":67,"value":"Puerto Rico"},{"id":15,"value":"Qatar"},{"id":242,"value":"Reunion"},{"id":68,"value":"Romania"},{"id":69,"value":"Russia"},{"id":178,"value":"Rwanda"},{"id":179,"value":"Samoa"},{"id":180,"value":"San Marino"},{"id":230,"value":"S\u00e3o Tom\u00e9 and Principe"},{"id":16,"value":"Saudi Arabia"},{"id":94,"value":"Senegal"},{"id":181,"value":"Serbia"},{"id":182,"value":"Seychelles"},{"id":183,"value":"Sierra Leone"},{"id":70,"value":"Singapore"},{"id":184,"value":"Slovakia"},{"id":185,"value":"Slovenia"},{"id":214,"value":"Solomon Islands"},{"id":17,"value":"Somalia"},{"id":71,"value":"South Africa"},{"id":56,"value":"South Korea"},{"id":243,"value":"South Sudan"},{"id":72,"value":"Spain"},{"id":186,"value":"Sri Lanka"},{"id":225,"value":"St. Helena"},{"id":215,"value":"St. Kitts-Nevis"},{"id":216,"value":"St. Lucia"},{"id":233,"value":"St. Pierre and Miquelon"},{"id":217,"value":"St. Vincent and the Grenadines"},{"id":18,"value":"Sudan"},{"id":187,"value":"Suriname"},{"id":218,"value":"Swaziland"},{"id":73,"value":"Sweden"},{"id":74,"value":"Switzerland"},{"id":19,"value":"Syria"},{"id":75,"value":"Taiwan"},{"id":188,"value":"Tajikistan"},{"id":189,"value":"Tanzania"},{"id":76,"value":"Thailand"},{"id":190,"value":"Togo"},{"id":191,"value":"Tonga"},{"id":192,"value":"Trinidad and Tobago"},{"id":20,"value":"Tunisia"},{"id":77,"value":"Turkey"},{"id":194,"value":"Turkmenistan"},{"id":219,"value":"Turks and Caicos Islands"},{"id":232,"value":"Tuvalu"},{"id":195,"value":"Uganda"},{"id":79,"value":"Ukraine"},{"id":21,"value":"United Arab Emirates"},{"id":80,"value":"United Kingdom"},{"id":81,"value":"United States of America"},{"id":196,"value":"Uruguay"},{"id":220,"value":"US Virgin Islands"},{"id":96,"value":"Uzbekistan"},{"id":221,"value":"Vanuatu"},{"id":234,"value":"Vatican"},{"id":82,"value":"Venezuela"},{"id":197,"value":"Vietnam"},{"id":224,"value":"Wallis and Futuna"},{"id":231,"value":"Western Sahara"},{"id":22,"value":"Yemen"},{"id":200,"value":"Zambia"},{"id":201,"value":"Zimbabwe"}]